{"text": " This is a test recording.", "segments": [{"id": 0, "seek": 0, "start": 0.0, "end": 2.16, "text": " This is a test recording.", "tokens": [50365, 639, 307, 257, 1500, 6613, 13, 50473], "temperature": 0.0, "avg_logprob": -0.4322270022498237, "compression_ratio": 0.8064516129032258, "no_speech_prob": 9.93056331610731e-13}], "language": "English"}